EmpID,MarriedID,MaritalStatusID,EmpStatusID,DeptID,PerfScoreID,FromDiversityJobFairID,PayRate,Termd,PositionID,Position,State,DOB,Age,Gender,GenderID,MaritalDesc,CitizenDesc,HispanicLatino,RaceDesc,DateOfHire,DateofTermination,Tenure,WorkingStatus,TermReason,EmploymentStatus,Department,ManagerName,ManagerID,RecruitmentSource,PerformanceScore,EngagementSurvey,EmpSatisfaction,SpecialProjectsCount,LastPerformanceReview_Date,DaysLateLast30
1103024456,1,1,1,1,3,1,28.5,0,1,Accountant I,MA,24/11/87,32.5,F,0,Married,US Citizen,No,Black or African American,27/10/2008,,11.53,1,N/A - still employed,Active,Admin Offices,Brandon R. LeBlanc,1,Diversity Job Fair,Fully Meets,2.04,2,6,1/15/2019,0
1106026572,0,2,1,1,3,0,23,0,1,Accountant I,MA,26/4/84,36.1,M,1,Divorced,US Citizen,No,Black or African American,6/1/2014,,6.34,1,N/A - still employed,Active,Admin Offices,Brandon R. LeBlanc,1,Website Banner Ads,Fully Meets,5,4,4,1/17/2019,0
1302053333,0,0,1,1,3,0,29,0,1,Accountant I,MA,1/9/86,33.7,M,1,Single,US Citizen,No,White,29/9/2014,,5.61,1,N/A - still employed,Active,Admin Offices,Brandon R. LeBlanc,1,Internet Search,Fully Meets,3.9,5,5,1/18/2019,0
1211050782,1,1,1,1,3,0,21.5,1,2,Administrative Assistant,MA,16/9/85,34.7,F,0,Married,US Citizen,No,White,16/2/2015,15/4/15,0.16,0,,Terminated for Cause,Admin Offices,Brandon R. LeBlanc,1,Pay Per Click - Google,Fully Meets,3.24,3,4,,
1307059817,0,0,1,1,3,0,16.56,0,2,Administrative Assistant,MA,19/5/88,32.0,F,0,Single,US Citizen,No,White,1/5/2015,,5.02,1,N/A - still employed,Active,Admin Offices,Brandon R. LeBlanc,1,Website Banner Ads,Fully Meets,5,3,5,1/15/2019,0
711007713,1,1,5,1,3,1,20.5,1,2,Administrative Assistant,MA,14/6/87,32.9,F,0,Married,US Citizen,No,Asian,26/9/2011,25/9/13,2.00,0,career change,Voluntarily Terminated,Admin Offices,Brandon R. LeBlanc,1,Diversity Job Fair,Fully Meets,3.8,4,4,,
1504073368,1,1,5,6,3,0,55,1,3,Area Sales Manager,VA,1/6/64,56.0,F,0,Married,Eligible NonCitizen,No,Black or African American,15/8/2011,2/8/14,2.97,0,Another position,Voluntarily Terminated,Sales,John Smith,17,Social Networks - Facebook Twitter etc,Fully Meets,3.14,5,0,,
1403065721,0,0,1,6,3,0,55,0,3,Area Sales Manager,VT,15/5/63,57.0,F,0,Single,US Citizen,No,White,18/8/2014,,5.72,1,N/A - still employed,Active,Sales,John Smith,17,Billboard,Fully Meets,5,5,0,1/21/2019,0
1408069481,0,0,1,6,1,0,55,0,3,Area Sales Manager,WA,14/5/87,33.0,F,0,Single,US Citizen,Yes,White,20/2/2012,,8.22,1,N/A - still employed,Active,Sales,John Smith,17,Website Banner Ads,PIP,2.3,1,0,1/29/2019,0
1306059197,1,1,1,6,3,0,56,0,3,Area Sales Manager,NH,14/9/88,31.7,M,1,Married,US Citizen,No,American Indian or Alaska Native,18/8/2014,,5.72,1,N/A - still employed,Active,Sales,John Smith,17,Pay Per Click - Google,Fully Meets,3.6,5,0,1/30/2019,0
1204032843,0,0,1,6,3,1,55.5,0,3,Area Sales Manager,NY,24/2/69,51.2,M,1,Single,US Citizen,Yes,Two or more races,7/3/2011,,9.18,1,N/A - still employed,Active,Sales,John Smith,17,Diversity Job Fair,Fully Meets,3.65,5,0,1/17/2019,0
1302053046,0,4,4,6,3,0,55,1,3,Area Sales Manager,OH,10/7/71,48.9,F,0,Widowed,US Citizen,No,Black or African American,7/7/2014,5/9/15,1.16,0,attendance,Terminated for Cause,Sales,John Smith,17,Monster.com,Fully Meets,3.97,4,0,,
1411071481,1,1,1,6,3,0,55.5,0,3,Area Sales Manager,ID,12/10/54,65.6,M,1,Married,US Citizen,No,White,12/5/2014,,5.99,1,N/A - still employed,Active,Sales,John Smith,17,Monster.com,Fully Meets,3.98,3,0,1/28/2019,0
1001167253,0,0,5,6,3,0,55,1,3,Area Sales Manager,TN,9/2/69,51.3,M,1,Single,US Citizen,No,Two or more races,7/3/2011,31/10/14,3.65,0,relocation out of area,Voluntarily Terminated,Sales,John Smith,17,Newspager/Magazine,Fully Meets,4.5,5,0,,
1412071660,0,3,1,6,3,0,55,0,3,Area Sales Manager,UT,27/12/88,31.4,M,1,Separated,US Citizen,No,Black or African American,30/4/2012,,8.02,1,N/A - still employed,Active,Sales,John Smith,17,Website Banner Ads,Fully Meets,4.53,3,0,1/29/2019,0
1306057978,0,0,1,6,1,0,55,0,3,Area Sales Manager,AL,2/11/75,44.5,M,1,Single,US Citizen,No,Two or more races,29/9/2014,,5.61,1,N/A - still employed,Active,Sales,John Smith,17,Internet Search,PIP,1.93,3,0,1/30/2019,0
812011761,0,0,1,6,3,0,55,0,3,Area Sales Manager,NC,19/5/82,38.0,M,1,Single,US Citizen,No,White,5/1/2015,,5.34,1,N/A - still employed,Active,Sales,John Smith,17,Website Banner Ads,Fully Meets,5,5,0,1/14/2019,0
1411071295,1,1,1,6,3,0,54,0,3,Area Sales Manager,MT,12/5/89,31.0,F,0,Married,US Citizen,No,Black or African American,27/9/2010,,9.62,1,N/A - still employed,Active,Sales,John Smith,17,Professional Society,Fully Meets,2,4,0,1/31/2019,0
1312063714,1,1,1,6,3,0,55,0,3,Area Sales Manager,AZ,23/5/91,29.0,F,0,Married,US Citizen,No,Two or more races,5/7/2011,,8.85,1,N/A - still employed,Active,Sales,John Smith,17,Other,Fully Meets,2.81,3,0,1/17/2019,0
1111030503,0,0,1,6,3,0,56,0,3,Area Sales Manager,ME,11/7/89,30.8,M,1,Single,US Citizen,No,Asian,5/3/2012,,8.18,1,N/A - still employed,Active,Sales,John Smith,17,Website Banner Ads,Fully Meets,1.77,4,0,1/18/2019,0
1504073313,1,1,1,6,3,0,55,0,3,Area Sales Manager,MA,7/7/75,44.9,M,1,Married,US Citizen,No,White,29/9/2014,,5.61,1,N/A - still employed,Active,Sales,Lynn Daneault,21,Employee Referral,Fully Meets,3.31,5,0,1/28/2019,0
1409070567,0,0,1,6,4,0,55,0,3,Area Sales Manager,CA,8/11/88,31.5,F,0,Single,US Citizen,No,White,10/1/2011,,9.33,1,N/A - still employed,Active,Sales,Lynn Daneault,21,Other,Exceeds,4.77,5,0,1/27/2019,0
1411071302,0,0,1,6,3,0,55,0,3,Area Sales Manager,CT,28/8/63,56.7,M,1,Single,US Citizen,No,Black or African American,6/9/2011,,8.67,1,N/A - still employed,Active,Sales,Lynn Daneault,21,Monster.com,Fully Meets,1.64,3,0,1/27/2019,0
1203032099,0,0,1,6,3,0,55,0,3,Area Sales Manager,IN,22/9/89,30.6,F,0,Single,US Citizen,No,White,16/2/2015,,5.22,1,N/A - still employed,Active,Sales,Lynn Daneault,21,Pay Per Click - Google,Fully Meets,1.72,5,0,1/25/2019,0
1001084890,1,1,1,6,1,0,56,0,3,Area Sales Manager,NV,9/5/74,46.0,M,1,Married,US Citizen,No,White,12/5/2014,,5.99,1,N/A - still employed,Active,Sales,Lynn Daneault,21,Website Banner Ads,PIP,1.81,2,0,1/17/2019,0
1104025008,0,0,1,6,3,0,55,0,3,Area Sales Manager,CO,27/11/79,40.5,M,1,Single,US Citizen,No,White,19/8/2013,,6.72,1,N/A - still employed,Active,Sales,Lynn Daneault,21,Pay Per Click - Google,Fully Meets,2.19,5,0,1/22/2019,0
1209048771,0,0,1,6,3,0,56,0,3,Area Sales Manager,TX,11/6/70,49.9,M,1,Single,Eligible NonCitizen,No,Black or African American,14/5/2012,,7.99,1,N/A - still employed,Active,Sales,Lynn Daneault,21,Employee Referral,Fully Meets,2.94,5,0,1/19/2019,0
1209049326,1,1,2,6,3,0,55,0,3,Area Sales Manager,TX,1/7/84,35.9,M,1,Married,US Citizen,No,Two or more races,6/7/2016,,3.84,1,N/A - Has not started yet,Future Start,Sales,Lynn Daneault,21,Website Banner Ads,Fully Meets,2.91,4,0,1/29/2019,0
1111030684,0,0,1,6,3,0,55,0,3,Area Sales Manager,GA,31/3/89,31.1,F,0,Single,US Citizen,No,Two or more races,8/7/2013,,6.84,1,N/A - still employed,Active,Sales,Lynn Daneault,21,Pay Per Click - Google,Fully Meets,5,5,0,1/25/2019,0
1501072180,0,0,1,6,3,0,57,0,3,Area Sales Manager,FL,11/5/90,30.0,F,0,Single,US Citizen,Yes,White,30/9/2013,,6.61,1,N/A - still employed,Active,Sales,Lynn Daneault,21,Pay Per Click - Google,Fully Meets,4.28,3,0,1/25/2019,0
1102024106,1,1,1,6,3,0,55,0,3,Area Sales Manager,KY,29/8/88,31.7,F,0,Married,US Citizen,No,Black or African American,9/1/2012,,8.33,1,N/A - still employed,Active,Sales,Lynn Daneault,21,Website Banner Ads,Fully Meets,4.2,5,0,2/1/2019,0
1502072711,0,3,1,6,4,0,55,0,3,Area Sales Manager,ND,15/1/68,52.3,M,1,Separated,US Citizen,No,White,9/1/2006,,14.33,1,N/A - still employed,Active,Sales,Lynn Daneault,21,Billboard,Exceeds,4.1,3,0,1/4/2019,0
1401064637,0,0,1,6,3,0,55,0,3,Area Sales Manager,OR,7/5/65,55.0,F,0,Single,US Citizen,No,Black or African American,29/9/2014,,5.61,1,N/A - still employed,Active,Sales,Lynn Daneault,21,Monster.com,Fully Meets,3.69,3,0,1/28/2019,0
1009919940,1,1,1,3,3,0,45,0,4,BI Developer,MA,12/5/80,40.0,F,0,Married,US Citizen,No,Black or African American,2/10/2016,,3.60,1,N/A - still employed,Active,IT/IS,Brian Champaigne,13,Indeed,Fully Meets,2.02,4,6,2/6/2019,0
1009919980,0,0,1,3,3,0,46,0,4,BI Developer,MA,4/9/83,36.7,M,1,Single,US Citizen,No,White,15/2/2017,,3.22,1,N/A - still employed,Active,IT/IS,Brian Champaigne,13,Indeed,Fully Meets,3.01,5,7,1/23/2019,0
1009919990,1,1,1,3,3,0,45,0,4,BI Developer,MA,24/10/87,32.6,M,1,Married,US Citizen,No,White,20/4/2017,,3.05,1,N/A - still employed,Active,IT/IS,Brian Champaigne,13,Indeed,Fully Meets,1.82,3,6,1/2/2019,0
1009920000,1,1,1,3,3,0,45,0,4,BI Developer,MA,30/6/89,30.9,M,1,Married,US Citizen,No,Black or African American,20/4/2017,,3.05,1,N/A - still employed,Active,IT/IS,Brian Champaigne,13,Indeed,Fully Meets,2.06,5,5,1/28/2019,0
1009919920,1,1,1,3,3,0,63.5,0,5,BI Director,MA,9/2/72,48.3,M,1,Married,US Citizen,No,White,6/9/2016,,3.67,1,N/A - still employed,Active,IT/IS,Jennifer Zamora,5,Professional Society,Fully Meets,4.5,5,7,1/15/2019,0
1112030816,0,0,1,3,4,0,65,0,6,CIO,MA,30/8/79,40.7,F,0,Single,US Citizen,No,White,10/4/2010,,10.08,1,N/A - still employed,Active,IT/IS,Janet King,2,Employee Referral,Exceeds,1.12,5,6,2/21/2019,0
1009919950,0,0,1,3,3,0,55,0,7,Data Architect,MA,21/11/72,47.5,F,0,Single,US Citizen,No,Black or African American,7/1/2017,,3.33,1,N/A - still employed,Active,IT/IS,Brian Champaigne,13,Indeed,Fully Meets,4.94,3,5,2/6/2019,0
1102024056,0,0,4,3,3,0,43,1,8,Database Administrator,MA,4/4/86,34.1,F,0,Single,US Citizen,Yes,White,7/7/2014,12/9/15,1.18,0,performance,Terminated for Cause,IT/IS,Simon Roup,4,Search Engine - Google Bing Yahoo,Fully Meets,1.87,4,5,,
905013738,0,0,4,3,3,0,48.5,1,8,Database Administrator,MA,23/10/71,48.6,F,0,Single,US Citizen,No,White,16/2/2015,15/3/15,0.07,0,"no-call, no-show",Terminated for Cause,IT/IS,Simon Roup,4,Glassdoor,Fully Meets,1.87,4,4,,
1410071156,1,1,4,3,3,0,40.1,1,8,Database Administrator,MA,7/8/86,33.8,M,1,Married,US Citizen,No,Black or African American,16/2/2015,22/2/15,0.02,0,"no-call, no-show",Terminated for Cause,IT/IS,Simon Roup,4,Employee Referral,Fully Meets,4.33,3,7,,
1105025718,0,0,1,3,3,0,34,0,8,Database Administrator,MA,21/2/84,36.2,F,0,Single,US Citizen,No,White,30/3/2015,,5.11,1,N/A - still employed,Active,IT/IS,Simon Roup,4,Glassdoor,Fully Meets,4.48,5,6,1/3/2019,0
1003018246,1,1,3,3,3,0,40,0,8,Database Administrator,MA,7/11/86,33.5,F,0,Married,US Citizen,No,Asian,5/1/2015,,5.34,1,N/A - still employed,Leave of Absence,IT/IS,Simon Roup,4,Glassdoor,Fully Meets,3.75,3,5,2/11/2019,0
1406068403,0,2,1,3,4,1,35.5,0,9,Data Analyst,TX,4/7/88,31.9,M,1,Divorced,US Citizen,No,Black or African American,10/11/2014,,5.49,1,N/A - still employed,Active,IT/IS,Simon Roup,4,Diversity Job Fair,Exceeds,4.28,4,5,2/25/2019,0
1102023965,1,1,5,3,3,0,41,1,9,Data Analyst,MA,5/9/84,35.7,M,1,Married,US Citizen,No,White,1/12/2014,1/5/16,1.42,0,performance,Voluntarily Terminated,IT/IS,Simon Roup,4,Employee Referral,Fully Meets,1.62,4,5,,
1108027853,1,1,1,3,4,0,42.75,0,9,Data Analyst,MA,16/9/84,35.7,F,0,Married,US Citizen,No,Asian,10/11/2014,,5.49,1,N/A - still employed,Active,IT/IS,Simon Roup,4,Employee Referral,Exceeds,3.71,5,7,1/4/2019,0
1407068885,1,1,1,3,3,0,39.55,0,9,Data Analyst,MA,11/10/81,38.6,F,0,Married,US Citizen,No,White,16/2/2015,,5.22,1,N/A - still employed,Active,IT/IS,Simon Roup,4,Employee Referral,Fully Meets,3.69,5,6,2/14/2019,0
1203032255,1,1,1,3,3,0,42.2,0,9,Data Analyst,MA,26/8/86,33.7,M,1,Married,US Citizen,No,White,30/3/2015,,5.11,1,N/A - still employed,Active,IT/IS,Simon Roup,4,Pay Per Click - Google,Fully Meets,3.04,3,6,1/22/2019,0
1111030148,0,2,5,3,3,0,45,1,9,Data Analyst,MA,17/12/87,32.4,M,1,Divorced,US Citizen,No,Black or African American,5/1/2015,31/10/15,0.82,0,hours,Voluntarily Terminated,IT/IS,Simon Roup,4,Vendor Referral,Fully Meets,2.19,3,5,,
808010278,1,1,1,3,3,0,30.2,0,9,Data Analyst,MA,8/2/70,50.3,M,1,Married,US Citizen,Yes,White,5/1/2015,,5.34,1,N/A - still employed,Active,IT/IS,Simon Roup,4,Employee Referral,Fully Meets,3.32,3,7,1/14/2019,0
1110029732,0,0,1,3,3,0,31.4,0,9,Data Analyst,MA,24/2/79,41.2,F,0,Single,US Citizen,No,White,30/3/2015,,5.11,1,N/A - still employed,Active,IT/IS,Simon Roup,4,Employee Referral,Fully Meets,5,3,5,2/1/2019,0
1006020066,0,0,1,5,4,0,60,0,10,Director of Operations,MA,19/3/83,37.2,F,0,Single,US Citizen,No,Black or African American,5/1/2009,,11.34,1,N/A - still employed,Active,Production,Janet King,2,Other,Exceeds,3.02,5,0,2/4/2019,0
1009021646,1,1,1,6,3,0,60,0,11,Director of Sales,RI,17/3/66,54.2,F,0,Married,US Citizen,No,White,5/5/2014,,6.01,1,N/A - still employed,Active,Sales,Janet King,2,MBTA ads,Fully Meets,1.22,4,0,1/21/2019,0
1192991000,0,0,1,3,4,0,65,0,12,IT Director,MA,5/7/80,39.9,M,1,Single,US Citizen,No,Black or African American,15/4/2011,,9.07,1,N/A - still employed,Active,IT/IS,Jennifer Zamora,5,Professional Society,Exceeds,3.76,5,5,1/7/2019,0
1106026933,0,0,1,3,3,0,62,0,13,IT Manager - DB,MA,5/4/73,47.1,M,1,Single,US Citizen,No,White,20/1/2013,,7.30,1,N/A - still employed,Active,IT/IS,Jennifer Zamora,5,Professional Society,Fully Meets,2.96,5,7,2/18/2019,0
1001175250,0,2,5,3,3,1,21,1,13,IT Manager - DB,MA,4/1/64,56.4,M,1,Divorced,US Citizen,No,Two or more races,9/1/2012,4/11/15,3.82,0,hours,Voluntarily Terminated,IT/IS,Jennifer Zamora,5,Diversity Job Fair,Fully Meets,2.51,4,6,,
1011022863,1,1,1,3,2,1,63,0,13,IT Manager - Infra,MA,5/10/86,33.6,M,1,Married,Eligible NonCitizen,Yes,Hispanic,15/2/2012,,8.23,1,N/A - still employed,Active,IT/IS,Jennifer Zamora,5,Diversity Job Fair,Needs Improvement,2.39,3,6,2/22/2019,0
1101023754,0,0,1,3,4,0,64,0,13,IT Manager - Support,MA,9/7/70,49.9,M,1,Single,US Citizen,No,White,5/1/2014,,6.34,1,N/A - still employed,Active,IT/IS,Jennifer Zamora,5,Professional Society,Exceeds,1.99,5,5,1/4/2019,0
1301052902,0,0,1,3,3,0,28.99,0,14,IT Support,MA,5/9/85,34.7,M,1,Single,US Citizen,No,White,5/9/2012,,7.67,1,N/A - still employed,Active,IT/IS,Eric Dougall,6,Glassdoor,Fully Meets,2.55,3,6,2/27/2019,0
1501072093,0,0,1,3,3,0,31.4,0,14,IT Support,CT,6/7/68,51.9,F,0,Single,US Citizen,No,White,1/5/2010,,10.02,1,N/A - still employed,Active,IT/IS,Eric Dougall,6,Vendor Referral,Fully Meets,1.21,4,5,2/1/2019,0
602000312,0,0,1,3,4,1,26,0,14,IT Support,CT,5/10/88,31.6,F,0,Single,US Citizen,Yes,Two or more races,21/1/2011,,9.30,1,N/A - still employed,Active,IT/IS,Eric Dougall,6,Diversity Job Fair,Exceeds,4.64,4,5,1/25/2019,0
1203032263,1,1,1,3,3,0,27.49,0,14,IT Support,MA,12/3/73,47.2,F,0,Married,US Citizen,No,Black or African American,10/6/2011,,8.92,1,N/A - still employed,Active,IT/IS,Eric Dougall,6,Information Session,Fully Meets,4.3,3,5,2/8/2019,0
1212052023,0,2,1,3,3,0,45,0,14,IT Support,MA,7/1/88,32.4,M,1,Divorced,US Citizen,No,White,5/1/2015,,5.34,1,N/A - still employed,Active,IT/IS,Peter Monroe,7,Glassdoor,Fully Meets,1.84,5,6,2/18/2019,0
1102024173,1,1,1,3,3,0,42,0,14,IT Support,MA,24/11/89,30.5,M,1,Married,US Citizen,Yes,White,30/3/2015,,5.11,1,N/A - still employed,Active,IT/IS,Peter Monroe,7,Information Session,Fully Meets,2.21,5,7,1/10/2019,0
1101023540,1,1,1,3,3,0,37,0,14,IT Support,MA,18/7/88,31.8,F,0,Married,US Citizen,No,White,5/1/2015,,5.34,1,N/A - still employed,Active,IT/IS,Peter Monroe,7,Employee Referral,Fully Meets,4.11,4,6,2/25/2019,0
1988299991,0,3,1,3,3,0,39,0,14,IT Support,MA,16/4/81,39.1,F,0,Separated,US Citizen,Yes,White,5/1/2015,,5.34,1,N/A - still employed,Active,IT/IS,Peter Monroe,7,Employee Referral,Fully Meets,4.61,4,5,1/28/2019,0
1012023013,0,0,1,3,1,0,43,0,15,Network Engineer,MA,18/6/87,32.9,M,1,Single,US Citizen,No,White,30/3/2015,,5.11,1,N/A - still employed,Active,IT/IS,Peter Monroe,7,Vendor Referral,PIP,1.2,3,6,2/4/2019,0
1001956578,1,1,1,3,3,0,27,0,15,Network Engineer,MA,4/4/79,41.1,F,0,Married,US Citizen,No,White,16/2/2015,,5.22,1,N/A - still employed,Active,IT/IS,Peter Monroe,7,Monster.com,Fully Meets,3.81,3,6,2/11/2019,0
906014183,1,1,1,3,3,0,47,0,15,Network Engineer,MA,14/4/81,39.1,F,0,Married,US Citizen,No,White,30/9/2014,,5.61,1,N/A - still employed,Active,IT/IS,Peter Monroe,7,Vendor Referral,Fully Meets,3.31,3,6,1/7/2019,0
1104025466,1,1,5,3,3,0,28,1,15,Network Engineer,MA,5/5/88,32.0,M,1,Married,US Citizen,No,White,5/1/2015,12/5/15,0.35,0,medical issues,Voluntarily Terminated,IT/IS,Peter Monroe,7,Monster.com,Fully Meets,5,3,5,,
1411071506,1,1,1,3,3,0,49.1,0,15,Network Engineer,MA,31/3/69,51.1,M,1,Married,Eligible NonCitizen,No,White,30/3/2015,,5.11,1,N/A - still employed,Active,IT/IS,Peter Monroe,7,Employee Referral,Fully Meets,5,4,7,1/14/2019,0
1001495124,1,1,1,2,3,0,80,0,16,President & CEO,MA,21/9/54,65.7,F,0,Married,US Citizen,Yes,White,2/7/2012,,7.85,1,N/A - still employed,Active,Executive Office,Board of Directors,9,Pay Per Click - Google,Fully Meets,4.83,3,0,1/17/2019,0
1501072311,0,2,1,5,3,0,54.5,0,17,Production Manager,MA,10/10/68,51.6,M,1,Divorced,US Citizen,No,White,1/8/2011,,8.77,1,N/A - still employed,Active,Production,Janet King,2,Employee Referral,Fully Meets,3.93,3,0,2/27/2019,0
1303054580,0,0,5,5,3,0,50.5,1,18,Production Manager,MA,10/3/70,50.2,M,1,Single,US Citizen,No,Asian,30/9/2013,7/8/14,0.85,0,retiring,Voluntarily Terminated,Production,Janet King,2,Billboard,Fully Meets,3.39,3,0,,
1110029990,0,0,1,5,4,0,55,0,18,Production Manager,MA,9/8/83,36.8,M,1,Single,US Citizen,No,White,28/1/2016,,4.28,1,N/A - still employed,Active,Production,Janet King,2,Pay Per Click - Google,Exceeds,5,3,0,2/22/2019,0
1409070147,0,0,1,5,3,0,51,0,18,Production Manager,MA,28/11/73,46.5,F,0,Single,US Citizen,No,White,18/9/2014,,5.64,1,N/A - still employed,Active,Production,Janet King,2,Search Engine - Google Bing Yahoo,Fully Meets,4.52,4,0,1/15/2019,0
1307060077,0,2,1,5,3,0,54,0,18,Production Manager,MA,11/7/81,38.8,M,1,Divorced,US Citizen,No,White,2/6/2015,,4.93,1,N/A - still employed,Active,Production,Janet King,2,Employee Referral,Fully Meets,4.63,3,0,1/4/2019,0
1001944783,1,1,4,5,3,0,48.5,1,18,Production Manager,MA,1/7/72,47.9,M,1,Married,US Citizen,No,White,10/1/2011,12/12/15,4.92,0,attendance,Terminated for Cause,Production,Janet King,2,Employee Referral,Fully Meets,4.78,4,0,,
1403065874,1,1,5,5,2,0,42,1,18,Production Manager,MA,15/11/76,43.5,M,1,Married,US Citizen,No,Asian,21/2/2011,24/9/12,1.59,0,unhappy,Voluntarily Terminated,Production,Janet King,2,Other,Needs Improvement,2.34,2,0,,
1103024679,1,1,1,5,4,0,55,0,18,Production Manager,MA,26/10/81,38.6,F,0,Married,US Citizen,No,White,30/9/2013,,6.61,1,N/A - still employed,Active,Production,Janet King,2,Website Banner Ads,Exceeds,3.66,3,0,1/21/2019,0
1107027351,0,0,1,5,3,0,53,0,18,Production Manager,MA,10/8/81,38.8,M,1,Single,US Citizen,yes,Hispanic,16/8/2012,,7.73,1,N/A - still employed,Active,Production,Janet King,2,Internet Search,Fully Meets,4.37,3,0,1/14/2019,0
1402065355,1,1,5,5,3,0,38.5,1,18,Production Manager,MA,9/5/77,43.0,F,0,Married,US Citizen,No,White,25/10/2010,18/5/16,5.57,0,Another position,Voluntarily Terminated,Production,Janet King,2,Internet Search,Fully Meets,4.16,5,0,,
1102024149,1,1,1,5,3,0,52,0,18,Production Manager,MA,30/9/75,44.6,F,0,Married,US Citizen,No,White,2/10/2012,,7.60,1,N/A - still employed,Active,Production,Janet King,2,Vendor Referral,Fully Meets,4.83,5,0,2/14/2019,0
1000974650,0,2,1,5,2,0,53,0,18,Production Manager,MA,17/12/75,44.4,M,1,Divorced,US Citizen,No,White,20/7/2010,,9.81,1,N/A - still employed,Active,Production,Janet King,2,Monster.com,Needs Improvement,4.13,2,0,1/14/2019,0
1405067298,1,1,1,5,3,0,55,0,18,Production Manager,MA,28/3/78,42.1,F,0,Married,US Citizen,No,Black or African American,8/1/2009,,11.33,1,N/A - still employed,Active,Production,Janet King,2,Billboard,Fully Meets,3.73,4,0,1/24/2019,0
1410071026,1,1,5,5,3,1,33.5,1,18,Production Manager,MA,14/11/55,64.5,F,0,Married,US Citizen,No,Black or African American,26/9/2011,2/1/12,0.27,0,Another position,Voluntarily Terminated,Production,Janet King,2,Diversity Job Fair,Fully Meets,1.18,3,0,,
1304055947,0,0,1,5,4,0,23,0,19,Production Technician I,MA,22/5/77,43.0,F,0,Single,US Citizen,No,White,9/1/2012,,8.33,1,N/A - still employed,Active,Production,Amy Dunn,11,MBTA ads,Exceeds,5,5,0,1/7/2019,0
1109029366,0,0,1,5,3,0,16,0,19,Production Technician I,MA,22/12/70,49.4,M,1,Single,US Citizen,Yes,White,2/4/2012,,8.10,1,N/A - still employed,Active,Production,Amy Dunn,11,Word of Mouth,Fully Meets,5,3,0,1/14/2019,0
1101023394,0,0,5,5,3,0,21,1,19,Production Technician I,MA,27/8/83,36.7,F,0,Single,US Citizen,No,White,27/6/2011,15/11/15,4.39,0,relocation out of area,Voluntarily Terminated,Production,Amy Dunn,11,Other,Fully Meets,2,4,0,,
1501072124,1,1,1,5,1,0,20,0,19,Production Technician I,MA,19/4/67,53.1,M,1,Married,US Citizen,No,White,7/7/2014,,5.84,1,N/A - still employed,Active,Production,Amy Dunn,11,Professional Society,PIP,1.12,2,0,1/31/2019,0
1302053339,1,1,1,5,1,0,18,0,19,Production Technician I,MA,18/10/89,30.6,M,1,Married,US Citizen,No,White,11/5/2015,,4.99,1,N/A - still employed,Active,Production,Amy Dunn,11,Professional Society,PIP,1.56,5,0,1/3/2019,0
1204032927,0,0,1,5,4,0,16,0,19,Production Technician I,MA,8/5/80,40.0,F,0,Single,US Citizen,Yes,Two or more races,29/9/2014,,5.61,1,N/A - still employed,Active,Production,Amy Dunn,11,Professional Society,Exceeds,3.39,4,0,2/7/2019,0
1404066622,1,1,1,5,4,0,20,0,19,Production Technician I,MA,2/5/74,46.0,F,0,Married,US Citizen,No,White,12/5/2014,,5.99,1,N/A - still employed,Active,Production,Amy Dunn,11,Monster.com,Exceeds,4.76,4,0,2/15/2019,0
903013071,1,1,5,5,3,0,24,1,19,Production Technician I,MA,8/10/70,49.6,F,0,Married,US Citizen,No,White,26/9/2011,9/1/12,0.29,0,more money,Voluntarily Terminated,Production,Amy Dunn,11,Search Engine - Google Bing Yahoo,Fully Meets,3.49,4,0,,
1201031032,0,4,5,5,3,0,15,1,19,Production Technician I,MA,9/11/72,47.5,M,1,Widowed,US Citizen,No,White,24/9/2012,26/9/12,0.01,0,hours,Voluntarily Terminated,Production,Amy Dunn,11,Pay Per Click,Fully Meets,3.08,4,0,,
1204033044,1,1,5,5,3,0,22,1,19,Production Technician I,MA,28/3/83,37.1,M,1,Married,US Citizen,No,White,1/4/2013,25/5/16,3.15,0,more money,Voluntarily Terminated,Production,Amy Dunn,11,Employee Referral,Fully Meets,3.18,3,0,,
1109029186,0,0,5,5,3,0,22,1,19,Production Technician I,MA,20/7/86,33.8,F,0,Single,US Citizen,No,White,16/5/2011,25/10/15,4.45,0,medical issues,Voluntarily Terminated,Production,Amy Dunn,11,MBTA ads,Fully Meets,3.45,4,0,,
1206038000,1,1,5,5,3,0,24,1,19,Production Technician I,MA,7/1/74,46.4,M,1,Married,US Citizen,No,Black or African American,10/1/2011,26/1/16,5.05,0,attendance,Voluntarily Terminated,Production,Amy Dunn,11,Glassdoor,Fully Meets,5,3,0,,
1205033102,1,1,1,5,3,0,15,0,19,Production Technician I,MA,24/8/85,34.7,F,0,Married,US Citizen,No,White,19/8/2013,,6.72,1,N/A - still employed,Active,Production,Amy Dunn,11,Newspager/Magazine,Fully Meets,4.81,4,0,2/15/2019,0
1404066739,0,0,5,5,3,0,20,1,19,Production Technician I,MA,9/5/65,55.0,F,0,Single,US Citizen,No,White,5/7/2011,5/9/11,0.17,0,return to school,Voluntarily Terminated,Production,Amy Dunn,11,Billboard,Fully Meets,3.98,4,0,,
1101023839,1,1,5,5,3,0,21,1,19,Production Technician I,MA,9/9/65,54.7,M,1,Married,Eligible NonCitizen,No,White,16/5/2011,7/9/15,4.32,0,unhappy,Voluntarily Terminated,Production,Amy Dunn,11,Website Banner Ads,Fully Meets,5,3,0,,
1212051409,0,0,3,5,3,1,22,0,19,Production Technician I,MA,11/2/70,50.3,F,0,Single,US Citizen,No,Two or more races,6/7/2009,,10.84,1,N/A - still employed,Leave of Absence,Production,Brannon Miller,12,Diversity Job Fair,Fully Meets,4.46,3,0,1/25/2019,0
1308060366,1,1,1,5,4,0,16,0,19,Production Technician I,MA,1/9/89,30.7,F,0,Married,US Citizen,No,White,7/7/2014,,5.84,1,N/A - still employed,Active,Production,Brannon Miller,12,Professional Society,Exceeds,5,3,0,2/27/2019,0
1407069280,1,1,2,5,4,0,24.75,0,19,Production Technician I,MA,26/8/80,39.7,M,1,Married,US Citizen,No,White,6/7/2016,,3.84,1,N/A - Has not started yet,Future Start,Production,Brannon Miller,12,Employee Referral,Exceeds,1.97,4,0,2/28/2019,0
1209048696,1,1,1,5,2,0,22,0,19,Production Technician I,MA,2/12/78,41.5,F,0,Married,US Citizen,No,Black or African American,7/1/2013,,7.33,1,N/A - still employed,Active,Production,Brannon Miller,12,Pay Per Click - Google,Needs Improvement,3.88,4,0,1/18/2019,0
1006020020,1,1,1,5,3,0,24,0,19,Production Technician I,MA,16/3/81,39.2,F,0,Married,US Citizen,No,White,9/1/2012,,8.33,1,N/A - still employed,Active,Production,Brannon Miller,12,Social Networks - Facebook Twitter etc,Fully Meets,5,5,0,1/29/2019,0
1411071212,0,2,1,5,4,1,16,0,19,Production Technician I,MA,29/9/69,50.6,M,1,Divorced,US Citizen,No,American Indian or Alaska Native,11/7/2011,,8.83,1,N/A - still employed,Active,Production,Brannon Miller,12,Diversity Job Fair,Exceeds,1.83,4,0,2/18/2019,0
1408069882,0,0,1,5,3,0,16,0,19,Production Technician I,MA,28/1/91,29.3,F,0,Single,US Citizen,No,White,19/8/2013,,6.72,1,N/A - still employed,Active,Production,Brannon Miller,12,Professional Society,Fully Meets,3.99,3,0,1/14/2019,0
1311062610,1,1,1,5,3,0,21,0,19,Production Technician I,MA,2/2/80,40.3,M,1,Married,US Citizen,No,Asian,10/1/2011,,9.33,1,N/A - still employed,Active,Production,Brannon Miller,12,Pay Per Click - Google,Fully Meets,3.38,3,0,1/21/2019,0
1308060754,1,1,1,5,3,0,23,0,19,Production Technician I,MA,7/11/74,45.5,F,0,Married,US Citizen,No,White,11/11/2013,,6.49,1,N/A - still employed,Active,Production,Brannon Miller,12,On-campus Recruiting,Fully Meets,1.04,3,0,1/22/2019,0
1403066020,0,3,1,5,4,1,15,0,19,Production Technician I,MA,3/6/67,53.0,F,0,Separated,US Citizen,No,Asian,1/4/2013,,7.10,1,N/A - still employed,Active,Production,Brannon Miller,12,Diversity Job Fair,Exceeds,1.12,3,0,2/13/2019,0
1305057440,1,1,5,5,3,0,18,1,19,Production Technician I,MA,6/3/88,32.2,M,1,Married,US Citizen,No,White,5/7/2011,30/11/12,1.41,0,more money,Voluntarily Terminated,Production,Brannon Miller,12,Search Engine - Google Bing Yahoo,Fully Meets,5,3,0,,
1011022887,0,4,1,5,4,0,17,0,19,Production Technician I,MA,28/1/85,35.3,M,1,Widowed,US Citizen,No,White,8/7/2013,,6.84,1,N/A - still employed,Active,Production,Brannon Miller,12,Employee Referral,Exceeds,3.02,5,0,2/11/2019,0
1410071137,1,1,1,5,1,0,16,0,19,Production Technician I,MA,20/7/68,51.8,F,0,Married,US Citizen,No,White,20/2/2012,,8.22,1,N/A - still employed,Active,Production,Brannon Miller,12,Billboard,PIP,4.11,2,0,2/25/2019,0
1409070255,0,2,1,5,3,0,24,0,19,Production Technician I,MA,5/6/67,53.0,F,0,Divorced,US Citizen,No,Black or African American,18/2/2013,,7.22,1,N/A - still employed,Active,Production,Brannon Miller,12,Billboard,Fully Meets,4.21,5,0,1/14/2019,0
1001268402,0,0,5,5,1,0,22,1,19,Production Technician I,MA,4/5/82,38.0,F,0,Single,US Citizen,No,Asian,2/9/2008,29/9/15,7.08,0,Another position,Voluntarily Terminated,Production,Brannon Miller,12,Search Engine - Google Bing Yahoo,PIP,4.29,2,0,,
1307060083,1,1,5,5,3,1,17,1,19,Production Technician I,MA,12/1/74,46.3,F,0,Married,US Citizen,Yes,Hispanic,10/1/2011,12/1/11,0.01,0,Another position,Voluntarily Terminated,Production,David Stanley,14,Diversity Job Fair,Fully Meets,1.79,4,0,,
1406068293,1,1,5,5,3,0,20,1,19,Production Technician I,MA,24/8/90,29.7,F,0,Married,US Citizen,No,White,2/4/2012,15/6/13,1.20,0,Another position,Voluntarily Terminated,Production,David Stanley,14,Search Engine - Google Bing Yahoo,Fully Meets,3.35,4,0,,
1599991009,0,0,1,5,3,0,15,0,19,Production Technician I,MA,8/9/77,42.7,M,1,Single,US Citizen,No,White,8/7/2013,,6.84,1,N/A - still employed,Active,Production,David Stanley,14,Employee Referral,Fully Meets,1.51,5,0,1/14/2019,0
1202031618,0,0,1,5,3,0,16.75,0,19,Production Technician I,MA,7/10/86,33.6,F,0,Single,US Citizen,Yes,White,2/4/2012,,8.10,1,N/A - still employed,Active,Production,David Stanley,14,Monster.com,Fully Meets,2.79,5,0,2/19/2019,0
1309061015,0,0,1,5,3,0,19,0,19,Production Technician I,MA,15/9/85,34.7,M,1,Single,US Citizen,Yes,White,30/3/2015,,5.11,1,N/A - still employed,Active,Production,David Stanley,14,Employee Referral,Fully Meets,4.5,3,0,2/18/2019,0
1106026579,1,1,1,5,3,0,15,0,19,Production Technician I,MA,21/5/79,41.0,M,1,Married,US Citizen,No,White,2/7/2012,,7.85,1,N/A - still employed,Active,Production,David Stanley,14,MBTA ads,Fully Meets,5,3,0,1/14/2019,0
1201031438,0,0,1,5,3,0,20,0,19,Production Technician I,MA,11/9/72,47.7,F,0,Single,US Citizen,No,White,5/11/2012,,7.51,1,N/A - still employed,Active,Production,David Stanley,14,Newspager/Magazine,Fully Meets,2.32,3,0,1/17/2019,0
1304055987,1,1,1,5,3,0,17,0,19,Production Technician I,MA,9/12/86,33.4,M,1,Married,US Citizen,No,White,9/7/2012,,7.83,1,N/A - still employed,Active,Production,David Stanley,14,Newspager/Magazine,Fully Meets,5,5,0,2/4/2019,0
1401064327,1,1,1,5,3,0,20,0,19,Production Technician I,MA,22/11/77,42.5,F,0,Married,US Citizen,No,White,31/5/2011,,8.94,1,N/A - still employed,Active,Production,David Stanley,14,Other,Fully Meets,5,4,0,1/10/2019,0
1203032357,0,0,1,5,3,0,19,0,19,Production Technician I,MA,7/7/84,35.9,F,0,Single,US Citizen,No,White,8/7/2013,,6.84,1,N/A - still employed,Active,Production,David Stanley,14,Vendor Referral,Fully Meets,2.79,5,0,1/2/2019,0
1001735072,0,0,1,5,3,0,17,0,19,Production Technician I,MA,23/11/81,38.5,M,1,Single,US Citizen,No,Black or African American,5/11/2007,,12.51,1,N/A - still employed,Active,Production,David Stanley,14,Search Engine - Google Bing Yahoo,Fully Meets,3.66,3,0,2/25/2019,0
710007555,0,3,1,5,3,0,17,0,19,Production Technician I,MA,5/12/74,45.5,F,0,Separated,US Citizen,No,White,6/1/2014,,6.34,1,N/A - still employed,Active,Production,David Stanley,14,Website Banner Ads,Fully Meets,5,4,0,1/31/2019,0
1405067138,0,2,5,5,4,0,21,1,19,Production Technician I,MA,26/3/73,47.1,F,0,Divorced,US Citizen,No,White,13/5/2013,29/6/15,2.13,0,unhappy,Voluntarily Terminated,Production,David Stanley,14,MBTA ads,Exceeds,1.97,4,0,,
1012023152,0,0,1,5,2,0,22,0,19,Production Technician I,MA,16/5/83,37.0,F,0,Single,US Citizen,No,White,17/2/2014,,6.22,1,N/A - still employed,Active,Production,David Stanley,14,Professional Society,Needs Improvement,2.44,5,0,2/11/2019,0
1211051232,0,4,1,5,3,0,15,0,19,Production Technician I,MA,17/8/78,41.8,F,0,Widowed,US Citizen,No,Asian,29/9/2014,,5.61,1,N/A - still employed,Active,Production,David Stanley,14,On-campus Recruiting,Fully Meets,1.24,5,0,1/30/2019,0
1011022883,1,1,1,5,3,0,21,0,19,Production Technician I,MA,27/9/88,31.6,F,0,Married,US Citizen,No,White,7/1/2008,,12.34,1,N/A - still employed,Active,Production,Elijiah Gray,16,Billboard,Fully Meets,4.84,5,0,1/3/2019,0
1403066194,0,0,1,5,3,0,22,0,19,Production Technician I,MA,27/10/70,49.6,F,0,Single,Eligible NonCitizen,No,White,4/4/2011,,9.10,1,N/A - still employed,Active,Production,Elijiah Gray,16,Search Engine - Google Bing Yahoo,Fully Meets,5,5,0,1/14/2019,0
1305057282,0,0,1,5,3,0,19.5,0,19,Production Technician I,MA,12/2/79,41.3,F,0,Single,US Citizen,No,White,12/5/2014,,5.99,1,N/A - still employed,Active,Production,Elijiah Gray,16,Internet Search,Fully Meets,2.73,4,0,2/19/2019,0
1001109612,1,1,1,5,3,0,15,0,19,Production Technician I,MA,5/11/78,41.5,F,0,Married,US Citizen,No,White,2/7/2012,,7.85,1,N/A - still employed,Active,Production,Elijiah Gray,16,Billboard,Fully Meets,5,3,0,2/25/2019,0
1107027392,0,0,4,5,2,0,18,1,19,Production Technician I,MA,6/5/89,31.0,F,0,Single,US Citizen,No,White,17/2/2014,25/2/14,0.02,0,"no-call, no-show",Terminated for Cause,Production,Elijiah Gray,16,Word of Mouth,Needs Improvement,1.04,3,0,,
1308060622,0,2,5,5,3,1,22,1,19,Production Technician I,MA,15/5/70,50.0,F,0,Divorced,US Citizen,No,White,7/11/2011,15/11/11,0.02,0,hours,Voluntarily Terminated,Production,Elijiah Gray,16,Diversity Job Fair,Fully Meets,4.24,4,0,,
1406068241,1,1,1,5,3,0,21,0,19,Production Technician I,MA,2/9/82,37.7,M,1,Married,US Citizen,No,Asian,14/5/2012,,7.99,1,N/A - still employed,Active,Production,Elijiah Gray,16,Search Engine - Google Bing Yahoo,Fully Meets,1.83,3,0,2/22/2019,0
1107027450,1,1,5,5,3,0,21,1,19,Production Technician I,MA,17/4/86,34.1,F,0,Married,US Citizen,No,White,10/1/2011,1/4/16,5.23,0,unhappy,Voluntarily Terminated,Production,Elijiah Gray,16,Monster.com,Fully Meets,4,4,0,,
1101023353,1,1,3,5,3,0,20,0,19,Production Technician I,MA,22/10/75,44.6,F,0,Married,US Citizen,No,Black or African American,16/2/2015,,5.22,1,N/A - still employed,Leave of Absence,Production,Elijiah Gray,16,Website Banner Ads,Fully Meets,5,3,0,1/23/2019,0
1102024121,0,2,1,5,3,0,15,0,19,Production Technician I,MA,7/7/84,35.9,F,0,Divorced,US Citizen,No,White,1/4/2013,,7.10,1,N/A - still employed,Active,Production,Elijiah Gray,16,MBTA ads,Fully Meets,1.76,4,0,1/17/2019,0
1109029531,1,1,5,5,3,0,18,1,19,Production Technician I,MA,1/5/79,41.0,F,0,Married,US Citizen,No,White,7/2/2011,12/1/14,2.93,0,Another position,Voluntarily Terminated,Production,Elijiah Gray,16,Social Networks - Facebook Twitter etc,Fully Meets,3.89,4,0,,
1211050793,0,2,5,5,3,0,20,1,19,Production Technician I,MA,22/7/82,37.8,M,1,Divorced,US Citizen,Yes,White,16/5/2011,15/1/16,4.67,0,retiring,Voluntarily Terminated,Production,Elijiah Gray,16,Professional Society,Fully Meets,5,4,0,,
1302053362,1,1,1,5,3,0,21,0,19,Production Technician I,MA,10/7/88,31.8,F,0,Married,US Citizen,No,Black or African American,29/9/2014,,5.61,1,N/A - still employed,Active,Production,Elijiah Gray,16,On-campus Recruiting,Fully Meets,3.51,3,0,2/18/2019,0
1407069061,0,0,1,5,3,0,14,0,19,Production Technician I,MA,15/8/68,51.8,F,0,Single,Eligible NonCitizen,No,Asian,14/5/2012,,7.99,1,N/A - still employed,Active,Production,Elijiah Gray,16,Glassdoor,Fully Meets,2.77,5,0,1/31/2019,0
1101023619,0,0,5,5,2,0,15,1,19,Production Technician I,MA,2/8/80,39.8,F,0,Single,US Citizen,No,White,13/8/2012,1/9/15,3.05,0,career change,Voluntarily Terminated,Production,Elijiah Gray,16,Monster.com,Needs Improvement,1.27,3,0,,
1101023679,0,0,1,5,3,0,16.76,0,19,Production Technician I,MA,20/7/83,36.8,M,1,Single,US Citizen,No,Two or more races,20/2/2012,,8.22,1,N/A - still employed,Active,Production,Kelley Spirea,18,Social Networks - Facebook Twitter etc,Fully Meets,1.41,4,0,2/14/2019,0
1311063114,0,0,1,5,3,0,20,0,19,Production Technician I,MA,2/2/83,37.3,M,1,Single,US Citizen,No,Black or African American,31/3/2014,,6.11,1,N/A - still employed,Active,Production,Kelley Spirea,18,MBTA ads,Fully Meets,4.43,3,0,2/1/2019,0
1403066069,1,1,1,5,3,0,15.75,0,19,Production Technician I,MA,31/3/77,43.1,F,0,Married,US Citizen,Yes,White,5/1/2015,,5.34,1,N/A - still employed,Active,Production,Kelley Spirea,18,Billboard,Fully Meets,4.73,5,0,2/14/2019,0
1007020403,0,0,1,5,3,0,21.25,0,19,Production Technician I,MA,31/5/74,46.0,M,1,Single,US Citizen,No,White,10/11/2014,,5.49,1,N/A - still employed,Active,Production,Kelley Spirea,18,MBTA ads,Fully Meets,1.86,5,0,2/13/2019,0
1101023612,1,1,1,5,3,0,21,0,19,Production Technician I,MA,25/8/78,41.7,M,1,Married,US Citizen,No,White,31/3/2014,,6.11,1,N/A - still employed,Active,Production,Kelley Spirea,18,Employee Referral,Fully Meets,2.05,3,0,1/11/2019,0
1105026041,0,0,1,5,3,0,24,0,19,Production Technician I,MA,2/12/83,36.5,F,0,Single,US Citizen,Yes,Black or African American,16/5/2011,,8.98,1,N/A - still employed,Active,Production,Kelley Spirea,18,MBTA ads,Fully Meets,1.66,4,0,2/26/2019,0
1103024859,0,2,5,5,3,0,14,1,19,Production Technician I,MA,21/5/83,37.0,F,0,Divorced,US Citizen,No,White,21/2/2011,11/1/14,2.89,0,more money,Voluntarily Terminated,Production,Kelley Spirea,18,Monster.com,Fully Meets,5,5,0,,
1412071713,0,3,1,5,3,0,19,0,19,Production Technician I,MA,13/4/64,56.1,F,0,Separated,US Citizen,No,White,6/1/2014,,6.34,1,N/A - still employed,Active,Production,Kelley Spirea,18,On-campus Recruiting,Fully Meets,5,5,0,1/21/2019,0
1107027575,0,0,4,5,3,0,15,1,19,Production Technician I,MA,18/10/81,38.6,M,1,Single,US Citizen,No,White,21/2/2011,4/8/11,0.45,0,attendance,Terminated for Cause,Production,Kelley Spirea,18,Social Networks - Facebook Twitter etc,Fully Meets,5,4,0,,
1409070245,0,0,5,5,3,1,14,1,19,Production Technician I,MA,30/5/68,52.0,F,0,Single,US Citizen,No,Black or African American,2/4/2012,11/11/15,3.61,0,Another position,Voluntarily Terminated,Production,Kelley Spirea,18,Diversity Job Fair,Fully Meets,4.18,4,0,,
1404066949,1,1,1,5,4,0,16,0,19,Production Technician I,MA,11/12/76,43.4,M,1,Married,US Citizen,No,White,30/9/2013,,6.61,1,N/A - still employed,Active,Production,Kelley Spirea,18,On-campus Recruiting,Exceeds,2.86,3,0,2/7/2019,0
1401064562,0,0,1,5,3,0,16,0,19,Production Technician I,MA,19/6/61,58.9,M,1,Single,US Citizen,No,White,6/1/2014,,6.34,1,N/A - still employed,Active,Production,Kelley Spirea,18,Employee Referral,Fully Meets,2.45,3,0,1/7/2019,0
1410070998,0,0,2,5,2,1,20,0,19,Production Technician I,MA,6/6/68,52.0,F,0,Single,US Citizen,No,Black or African American,4/7/2016,,3.84,1,N/A - Has not started yet,Future Start,Production,Kelley Spirea,18,Diversity Job Fair,Needs Improvement,1.12,4,0,2/18/2019,0
1106026896,1,1,1,5,3,0,22,0,19,Production Technician I,MA,14/3/85,35.2,M,1,Married,US Citizen,No,Asian,17/2/2014,,6.22,1,N/A - still employed,Active,Production,Kelley Spirea,18,On-campus Recruiting,Fully Meets,1.39,3,0,1/11/2019,0
1011022814,1,1,4,5,4,0,21,1,19,Production Technician I,MA,3/6/86,34.0,F,0,Married,US Citizen,No,White,26/9/2011,8/2/16,4.37,0,gross misconduct,Terminated for Cause,Production,Kelley Spirea,18,Social Networks - Facebook Twitter etc,Exceeds,2.79,5,0,,
1301052124,0,4,1,5,3,0,22,0,19,Production Technician I,MA,18/2/83,37.2,M,1,Widowed,US Citizen,No,White,30/9/2013,,6.61,1,N/A - still employed,Active,Production,Ketsia Liebig,19,Employee Referral,Fully Meets,5,4,0,2/25/2019,0
1412071844,0,2,1,5,3,0,22,0,19,Production Technician I,MA,27/12/58,61.4,F,0,Divorced,US Citizen,No,Asian,19/8/2013,,6.72,1,N/A - still employed,Active,Production,Ketsia Liebig,19,Billboard,Fully Meets,2.39,3,0,1/10/2019,0
1012023295,0,0,1,5,3,0,22,0,19,Production Technician I,MA,31/5/88,32.0,F,0,Single,Non-Citizen,No,Black or African American,3/10/2011,,8.60,1,N/A - still employed,Active,Production,Ketsia Liebig,19,Pay Per Click - Google,Fully Meets,3.58,5,0,1/30/2019,0
706006285,0,0,1,5,3,0,21,0,19,Production Technician I,MA,15/11/82,37.5,M,1,Single,US Citizen,No,White,12/5/2014,,5.99,1,N/A - still employed,Active,Production,Ketsia Liebig,19,Pay Per Click - Google,Fully Meets,1.13,4,0,2/19/2019,0
803009012,0,0,1,5,3,0,23,0,19,Production Technician I,MA,10/6/86,33.9,F,0,Single,US Citizen,No,White,20/2/2012,,8.22,1,N/A - still employed,Active,Production,Ketsia Liebig,19,Newspager/Magazine,Fully Meets,1.85,4,0,1/7/2019,0
1408069539,0,0,1,5,3,0,17,0,19,Production Technician I,MA,18/6/92,27.9,F,0,Single,US Citizen,Yes,White,11/11/2013,,6.49,1,N/A - still employed,Active,Production,Ketsia Liebig,19,Glassdoor,Fully Meets,1.94,5,0,2/18/2019,0
1002017900,0,0,1,5,3,0,19,0,19,Production Technician I,MA,4/1/84,36.4,M,1,Single,US Citizen,No,White,13/8/2012,,7.74,1,N/A - still employed,Active,Production,Ketsia Liebig,19,Social Networks - Facebook Twitter etc,Fully Meets,4.17,4,0,2/11/2019,0
1304055683,0,0,1,5,3,0,14,0,19,Production Technician I,MA,10/11/77,42.5,M,1,Single,US Citizen,No,Black or African American,17/2/2014,,6.22,1,N/A - still employed,Active,Production,Ketsia Liebig,19,On-campus Recruiting,Fully Meets,2.79,3,0,2/6/2019,0
1209049259,0,0,1,5,3,0,17,0,19,Production Technician I,MA,7/7/86,33.9,F,0,Single,US Citizen,No,White,6/1/2014,,6.34,1,N/A - still employed,Active,Production,Ketsia Liebig,19,Newspager/Magazine,Fully Meets,2.55,4,0,2/26/2019,0
1302053044,1,1,3,5,3,0,21,0,19,Production Technician I,MA,8/4/77,43.1,M,1,Married,US Citizen,No,White,12/5/2014,,5.99,1,N/A - still employed,Leave of Absence,Production,Ketsia Liebig,19,On-campus Recruiting,Fully Meets,5,5,0,2/18/2019,0
1307059944,1,1,1,5,3,0,17,0,19,Production Technician I,MA,23/9/73,46.7,F,0,Married,US Citizen,No,White,26/4/2010,,10.04,1,N/A - still employed,Active,Production,Ketsia Liebig,19,Search Engine - Google Bing Yahoo,Fully Meets,2.72,3,0,1/21/2019,0
1403065625,1,1,4,5,2,0,16,1,19,Production Technician I,MA,7/1/85,35.4,F,0,Married,US Citizen,No,White,10/1/2011,17/5/16,5.35,0,attendance,Terminated for Cause,Production,Ketsia Liebig,19,Glassdoor,Needs Improvement,3.6,3,0,,
1501071909,0,0,1,5,3,0,24.5,0,19,Production Technician I,MA,2/2/65,55.3,F,0,Single,US Citizen,No,White,11/11/2013,,6.49,1,N/A - still employed,Active,Production,Ketsia Liebig,19,Employee Referral,Fully Meets,3.73,3,0,1/24/2019,0
1103024504,0,2,5,5,3,0,20,1,19,Production Technician I,MA,30/7/83,36.8,F,0,Divorced,US Citizen,No,White,10/1/2011,14/5/11,0.34,0,Another position,Voluntarily Terminated,Production,Ketsia Liebig,19,Social Networks - Facebook Twitter etc,Fully Meets,2.81,5,0,,
1308060671,0,0,5,5,3,1,16,1,19,Production Technician I,MA,2/10/69,50.6,F,0,Single,US Citizen,Yes,Two or more races,9/1/2012,27/6/15,3.47,0,relocation out of area,Voluntarily Terminated,Production,Ketsia Liebig,19,Diversity Job Fair,Fully Meets,1.44,4,0,,
1312063507,1,1,5,5,3,1,22,1,19,Production Technician I,MA,21/2/74,46.2,M,1,Married,US Citizen,Yes,Asian,2/4/2012,19/9/12,0.47,0,unhappy,Voluntarily Terminated,Production,Kissy Sullivan,20,Diversity Job Fair,Fully Meets,1.98,3,0,,
1408069635,0,3,3,5,3,1,20,0,19,Production Technician I,MA,30/10/69,50.6,F,0,Separated,US Citizen,No,Black or African American,11/11/2013,,6.49,1,N/A - still employed,Leave of Absence,Production,Kissy Sullivan,20,Diversity Job Fair,Fully Meets,2.83,5,0,1/21/2019,0
1001450968,0,0,4,5,2,0,15,1,19,Production Technician I,MA,12/8/79,40.8,M,1,Single,US Citizen,No,Black or African American,11/7/2011,23/9/12,1.21,0,performance,Terminated for Cause,Production,Kissy Sullivan,20,MBTA ads,Needs Improvement,1.42,3,0,,
1406067865,1,1,5,5,3,0,17,1,19,Production Technician I,MA,5/9/91,28.7,F,0,Married,US Citizen,No,White,4/4/2011,6/6/13,2.18,0,military,Voluntarily Terminated,Production,Kissy Sullivan,20,Search Engine - Google Bing Yahoo,Fully Meets,5,3,0,,
1104025414,0,0,1,5,3,0,18,0,19,Production Technician I,MA,18/4/80,40.1,M,1,Single,US Citizen,No,Asian,8/7/2013,,6.84,1,N/A - still employed,Active,Production,Kissy Sullivan,20,Professional Society,Fully Meets,2.61,4,0,1/22/2019,0
1312063675,1,1,3,5,3,0,24,0,19,Production Technician I,MA,9/10/74,45.6,F,0,Married,US Citizen,No,Asian,19/8/2013,,6.72,1,N/A - still employed,Leave of Absence,Production,Kissy Sullivan,20,On-campus Recruiting,Fully Meets,1.71,5,0,2/15/2019,0
1503072857,0,2,1,5,3,0,21,0,19,Production Technician I,MA,22/3/66,54.2,F,0,Divorced,US Citizen,No,White,30/9/2013,,6.61,1,N/A - still employed,Active,Production,Kissy Sullivan,20,Employee Referral,Fully Meets,2.05,5,0,2/22/2019,0
1408069409,0,0,5,5,3,0,19,1,19,Production Technician I,MA,17/1/79,41.3,F,0,Single,US Citizen,No,Asian,26/9/2011,19/8/13,1.90,0,return to school,Voluntarily Terminated,Production,Kissy Sullivan,20,Monster.com,Fully Meets,4.88,3,0,,
909015167,1,1,1,5,3,0,24,0,19,Production Technician I,MA,7/1/87,33.4,F,0,Married,US Citizen,No,Black or African American,7/1/2013,,7.33,1,N/A - still employed,Active,Production,Kissy Sullivan,20,Monster.com,Fully Meets,3.93,3,0,1/30/2019,0
1206044851,0,0,4,5,1,0,18.5,1,19,Production Technician I,MA,30/9/80,39.6,F,0,Single,US Citizen,No,Two or more races,31/3/2014,1/5/16,2.09,0,performance,Terminated for Cause,Production,Kissy Sullivan,20,Professional Society,PIP,3.09,2,0,,
1102024274,0,2,5,5,3,0,19,1,19,Production Technician I,MA,15/10/84,35.6,F,0,Divorced,Eligible NonCitizen,No,Asian,16/5/2011,4/6/11,0.05,0,Another position,Voluntarily Terminated,Production,Kissy Sullivan,20,Social Networks - Facebook Twitter etc,Fully Meets,3.17,4,0,,
1011022926,0,2,5,5,3,0,16,1,19,Production Technician I,MA,22/9/70,49.7,F,0,Divorced,US Citizen,No,White,24/9/2012,18/6/13,0.73,0,unhappy,Voluntarily Terminated,Production,Kissy Sullivan,20,Billboard,Fully Meets,1.5,5,0,,
1405067492,0,0,5,5,3,0,18,1,19,Production Technician I,MA,18/3/87,33.2,M,1,Single,US Citizen,No,White,4/4/2011,13/8/12,1.36,0,Another position,Voluntarily Terminated,Production,Kissy Sullivan,20,Search Engine - Google Bing Yahoo,Fully Meets,5,5,0,,
1111030244,0,2,1,5,3,0,14,0,19,Production Technician I,MA,25/8/82,37.7,F,0,Divorced,US Citizen,No,Two or more races,10/1/2011,,9.33,1,N/A - still employed,Active,Production,Kissy Sullivan,20,Word of Mouth,Fully Meets,1.05,4,0,2/7/2019,0
1203032235,0,2,5,5,4,0,19,1,19,Production Technician I,MA,31/1/87,33.3,M,1,Divorced,US Citizen,No,White,13/8/2012,5/2/16,3.48,0,maternity leave - did not return,Voluntarily Terminated,Production,Kissy Sullivan,20,Information Session,Exceeds,3.84,5,0,,
1409070522,0,0,1,5,4,0,20,0,19,Production Technician I,MA,10/7/83,36.9,M,1,Single,US Citizen,No,White,5/7/2011,,8.85,1,N/A - still employed,Active,Production,Michael Albert,22,MBTA ads,Exceeds,2.51,5,0,1/17/2019,0
1212051962,0,2,5,5,3,0,18,1,19,Production Technician I,MA,15/7/77,42.8,M,1,Divorced,US Citizen,No,White,24/9/2012,6/4/13,0.53,0,Another position,Voluntarily Terminated,Production,Michael Albert,22,On-line Web application,Fully Meets,5,5,0,,
1208048062,0,0,1,5,3,0,16,0,19,Production Technician I,MA,2/1/51,69.4,F,0,Single,US Citizen,No,White,29/9/2014,,5.61,1,N/A - still employed,Active,Production,Michael Albert,22,Search Engine - Google Bing Yahoo,Fully Meets,5,4,0,2/12/2019,0
1311063172,0,0,2,5,3,0,19.75,0,19,Production Technician I,MA,10/4/87,33.1,F,0,Single,US Citizen,No,White,6/7/2016,,3.84,1,N/A - Has not started yet,Future Start,Production,Michael Albert,22,Newspager/Magazine,Fully Meets,4.12,5,0,1/28/2019,0
1104025243,0,0,4,5,2,0,17,1,19,Production Technician I,MA,2/9/83,36.7,M,1,Single,US Citizen,No,White,2/4/2012,27/9/14,2.49,0,attendance,Terminated for Cause,Production,Michael Albert,22,Word of Mouth,Needs Improvement,5,4,0,,
1501072192,1,1,1,5,3,0,19,0,19,Production Technician I,MA,1/10/90,29.6,F,0,Married,US Citizen,No,Black or African American,30/3/2015,,5.11,1,N/A - still employed,Active,Production,Michael Albert,22,Professional Society,Fully Meets,3.73,3,0,1/16/2019,0
1405067064,1,1,1,5,3,0,24,0,19,Production Technician I,MA,23/3/77,43.2,F,0,Married,US Citizen,No,White,28/11/2011,,8.45,1,N/A - still employed,Active,Production,Michael Albert,22,Word of Mouth,Fully Meets,4.2,4,0,2/22/2019,0
1105025721,1,1,5,5,4,0,17,1,19,Production Technician I,MA,19/8/59,60.8,M,1,Married,US Citizen,No,White,7/11/2011,29/4/16,4.48,0,more money,Voluntarily Terminated,Production,Michael Albert,22,Monster.com,Exceeds,1.65,4,0,,
1301052462,0,0,1,5,3,0,19,0,19,Production Technician I,MA,19/1/76,44.3,M,1,Single,US Citizen,No,White,30/9/2013,,6.61,1,N/A - still employed,Active,Production,Michael Albert,22,Billboard,Fully Meets,3.07,4,0,1/23/2019,0
1206042315,1,1,5,5,3,0,15.25,1,19,Production Technician I,MA,26/3/81,39.1,F,0,Married,US Citizen,No,White,5/7/2011,26/9/11,0.23,0,unhappy,Voluntarily Terminated,Production,Michael Albert,22,Internet Search,Fully Meets,3.18,4,0,,
1109029256,0,0,1,5,3,0,20,0,19,Production Technician I,MA,22/9/76,43.7,F,0,Single,US Citizen,No,White,30/3/2015,,5.11,1,N/A - still employed,Active,Production,Michael Albert,22,Monster.com,Fully Meets,5,4,0,1/21/2019,0
1103024335,0,0,1,5,2,0,22,0,19,Production Technician I,MA,24/11/79,40.5,M,1,Single,US Citizen,No,Black or African American,17/2/2014,,6.22,1,N/A - still employed,Active,Production,Michael Albert,22,MBTA ads,Needs Improvement,4.25,3,0,2/4/2019,0
1208048229,0,2,5,5,3,0,21,1,19,Production Technician I,MA,31/12/84,35.4,M,1,Divorced,US Citizen,No,White,26/9/2011,7/4/12,0.53,0,more money,Voluntarily Terminated,Production,Michael Albert,22,Pay Per Click - Google,Fully Meets,3.8,5,0,,
1308060535,0,0,5,5,3,0,21,1,19,Production Technician I,MA,21/12/74,45.4,M,1,Single,US Citizen,No,White,5/1/2009,30/7/10,1.56,0,relocation out of area,Voluntarily Terminated,Production,Michael Albert,22,Word of Mouth,Fully Meets,1.53,5,0,,
1201031310,1,1,1,5,3,0,19,0,19,Production Technician I,MA,7/10/82,37.6,M,1,Married,US Citizen,Yes,White,5/1/2015,,5.34,1,N/A - still employed,Active,Production,Michael Albert,22,Word of Mouth,Fully Meets,4.36,5,0,1/24/2019,0
1106026474,0,0,2,5,3,0,20,0,19,Production Technician I,MA,6/4/85,35.1,F,0,Single,US Citizen,No,White,5/7/2015,,4.84,1,N/A - Has not started yet,Future Start,Production,Michael Albert,22,Newspager/Magazine,Fully Meets,3.21,3,0,1/29/2019,0
1001417624,0,2,5,5,3,0,16,1,19,Production Technician I,MA,8/9/89,30.7,F,0,Divorced,US Citizen,No,White,11/7/2011,6/9/11,0.16,0,return to school,Voluntarily Terminated,Production,Webster Butler,39,Word of Mouth,Fully Meets,5,4,0,,
1110029777,0,0,3,5,3,0,17,0,19,Production Technician I,MA,6/4/79,41.1,M,1,Single,US Citizen,No,Asian,8/7/2013,,6.84,1,N/A - still employed,Leave of Absence,Production,Webster Butler,,MBTA ads,Fully Meets,1.09,4,0,1/11/2019,0
1111030129,0,0,1,5,3,0,22,0,19,Production Technician I,MA,24/8/83,36.7,M,1,Single,US Citizen,No,White,8/7/2013,,6.84,1,N/A - still employed,Active,Production,Webster Butler,,Newspager/Magazine,Fully Meets,3.8,5,0,1/14/2019,0
1306058816,1,1,5,5,3,0,23.5,1,19,Production Technician I,MA,31/10/77,42.5,M,1,Married,US Citizen,No,White,16/5/2011,8/6/15,4.07,0,unhappy,Voluntarily Terminated,Production,Webster Butler,39,Billboard,Fully Meets,5,4,0,,
1502072511,1,1,5,5,3,0,20,1,19,Production Technician I,MA,14/4/55,65.1,F,0,Married,US Citizen,No,White,7/11/2011,17/5/14,2.53,0,military,Voluntarily Terminated,Production,Webster Butler,39,Search Engine - Google Bing Yahoo,Fully Meets,3.13,3,0,,
1008020960,1,1,5,5,2,1,15,1,19,Production Technician I,MA,9/8/74,45.8,M,1,Married,US Citizen,No,Black or African American,2/4/2012,25/6/15,3.23,0,military,Voluntarily Terminated,Production,Webster Butler,39,Diversity Job Fair,Needs Improvement,3.97,4,0,,
1110029602,0,0,5,5,3,0,19.75,1,19,Production Technician I,MA,18/8/52,67.8,F,0,Single,US Citizen,No,White,9/1/2012,15/12/15,3.93,0,retiring,Voluntarily Terminated,Production,Webster Butler,39,Monster.com,Fully Meets,4.64,4,0,,
710007401,1,1,5,5,3,0,22,1,19,Production Technician I,MA,8/12/73,46.4,F,0,Married,US Citizen,No,White,26/9/2011,4/6/15,3.69,0,more money,Voluntarily Terminated,Production,Webster Butler,39,Search Engine - Google Bing Yahoo,Fully Meets,3.6,5,0,,
1001138521,0,0,5,5,4,1,19,1,19,Production Technician I,MA,14/2/73,47.3,F,0,Single,US Citizen,Yes,Two or more races,7/11/2011,14/11/15,4.02,0,Another position,Voluntarily Terminated,Production,Webster Butler,39,Diversity Job Fair,Exceeds,5,4,0,,
1204033041,0,0,5,5,3,1,18,1,19,Production Technician I,MA,2/5/89,31.0,M,1,Single,US Citizen,No,Black or African American,26/9/2011,4/4/14,2.52,0,return to school,Voluntarily Terminated,Production,Webster Butler,39,Diversity Job Fair,Fully Meets,2.61,3,0,,
1307060058,0,0,5,5,2,0,24,1,19,Production Technician I,MA,17/3/88,32.2,M,1,Single,US Citizen,No,Black or African American,10/1/2011,28/12/12,1.97,0,career change,Voluntarily Terminated,Production,Webster Butler,39,Search Engine - Google Bing Yahoo,Needs Improvement,3.54,5,0,,
1405067642,1,1,1,5,4,0,22,0,19,Production Technician I,MA,12/1/73,47.3,F,0,Married,US Citizen,No,Asian,28/11/2011,,8.45,1,N/A - still employed,Active,Production,Webster Butler,,Search Engine - Google Bing Yahoo,Exceeds,4.36,5,0,2/11/2019,0
807010161,0,0,3,5,3,0,15.2,0,19,Production Technician I,MA,10/3/75,45.2,F,0,Single,US Citizen,No,Asian,30/9/2013,,6.61,1,N/A - still employed,Leave of Absence,Production,Webster Butler,,Search Engine - Google Bing Yahoo,Fully Meets,5,5,0,2/21/2019,0
1405067501,1,1,5,5,3,1,15,1,19,Production Technician I,MA,3/4/75,45.1,F,0,Married,Non-Citizen,No,Two or more races,27/4/2009,1/4/13,3.93,0,Another position,Voluntarily Terminated,Production,Webster Butler,39,Diversity Job Fair,Fully Meets,2.52,5,0,,
1307060212,0,0,5,5,3,0,23,1,19,Production Technician I,MA,24/5/87,33.0,M,1,Single,US Citizen,Yes,White,10/1/2011,15/5/11,0.34,0,hours,Voluntarily Terminated,Production,Webster Butler,39,Newspager/Magazine,Fully Meets,5,5,0,,
1011022820,0,0,1,5,3,0,25,0,20,Production Technician II,MA,2/3/80,40.2,F,0,Single,US Citizen,No,Black or African American,5/3/2012,,8.18,1,N/A - still employed,Active,Production,Amy Dunn,11,Employee Referral,Fully Meets,4.51,4,0,2/21/2019,0
1109029103,0,0,5,5,3,0,29,1,20,Production Technician II,MA,1/10/81,38.6,M,1,Single,US Citizen,Yes,White,16/5/2011,24/6/13,2.11,0,hours,Voluntarily Terminated,Production,Amy Dunn,11,Social Networks - Facebook Twitter etc,Fully Meets,4.76,5,0,,
1306058509,0,2,5,5,3,0,23,1,20,Production Technician II,MA,22/9/76,43.7,F,0,Divorced,US Citizen,No,White,21/2/2011,1/4/13,2.11,0,unhappy,Voluntarily Terminated,Production,Amy Dunn,11,Search Engine - Google Bing Yahoo,Fully Meets,3.72,3,0,,
1304055986,1,1,5,5,3,0,23,1,20,Production Technician II,MA,10/12/86,33.4,F,0,Married,US Citizen,No,Two or more races,5/7/2011,19/8/11,0.12,0,Another position,Voluntarily Terminated,Production,Amy Dunn,11,Newspager/Magazine,Fully Meets,5,4,0,,
1202031821,1,1,5,5,2,0,28,1,20,Production Technician II,MA,18/7/89,30.8,F,0,Married,US Citizen,No,Asian,5/7/2011,15/9/11,0.20,0,unhappy,Voluntarily Terminated,Production,Amy Dunn,11,Monster.com,Needs Improvement,1.03,5,0,,
1107027551,0,0,5,5,3,0,22,1,20,Production Technician II,MA,15/3/85,35.2,F,0,Single,US Citizen,No,White,10/1/2011,2/7/12,1.48,0,unhappy,Voluntarily Terminated,Production,Amy Dunn,11,Vendor Referral,Fully Meets,1.3,3,0,,
1012023226,1,1,5,5,3,0,25,1,20,Production Technician II,MA,31/8/81,38.7,F,0,Married,US Citizen,No,White,16/5/2011,7/1/13,1.65,0,unhappy,Voluntarily Terminated,Production,Brannon Miller,12,Word of Mouth,Fully Meets,1.16,5,0,,
1411071324,1,1,5,5,1,1,29,1,20,Production Technician II,MA,12/10/64,55.6,M,1,Married,US Citizen,No,Black or African American,26/4/2010,30/5/11,1.09,0,career change,Voluntarily Terminated,Production,Brannon Miller,12,Diversity Job Fair,PIP,4.35,3,0,,
1306057810,0,0,1,5,4,0,25,0,20,Production Technician II,MA,8/9/69,50.7,F,0,Single,US Citizen,No,White,7/7/2014,,5.84,1,N/A - still employed,Active,Production,Brannon Miller,12,Professional Society,Exceeds,1.51,3,0,1/11/2019,0
1205033439,0,0,5,5,1,0,25,1,20,Production Technician II,MA,29/6/85,34.9,M,1,Single,US Citizen,No,White,15/8/2011,4/9/14,3.06,0,unhappy,Voluntarily Terminated,Production,Brannon Miller,12,MBTA ads,PIP,5,2,0,,
1103024843,1,1,1,5,3,0,26,0,20,Production Technician II,MA,10/3/79,41.2,F,0,Married,Eligible NonCitizen,No,Asian,2/4/2012,,8.10,1,N/A - still employed,Active,Production,Brannon Miller,12,MBTA ads,Fully Meets,2.61,3,0,1/14/2019,0
1405067188,0,0,5,5,4,0,29,1,20,Production Technician II,MA,7/11/58,61.5,M,1,Single,US Citizen,No,White,7/1/2013,21/2/16,3.12,0,retiring,Voluntarily Terminated,Production,Brannon Miller,12,Professional Society,Exceeds,1.67,3,0,,
1209048697,1,1,5,5,3,0,26,1,20,Production Technician II,MA,25/11/78,41.5,M,1,Married,US Citizen,No,White,30/8/2010,26/9/11,1.07,0,career change,Voluntarily Terminated,Production,David Stanley,14,Other,Fully Meets,1.3,4,0,,
1001549006,1,1,3,5,3,0,24.25,0,20,Production Technician II,MA,25/5/86,34.0,F,0,Married,US Citizen,No,White,12/5/2014,,5.99,1,N/A - still employed,Leave of Absence,Production,David Stanley,14,Professional Society,Fully Meets,2.04,3,0,2/7/2019,0
1010022030,0,2,5,5,3,0,22,1,20,Production Technician II,MA,25/7/79,40.8,F,0,Divorced,US Citizen,No,Asian,7/1/2013,31/3/14,1.23,0,Another position,Voluntarily Terminated,Production,David Stanley,14,Glassdoor,Fully Meets,4.52,3,0,,
1404066711,1,1,1,5,3,0,27,0,20,Production Technician II,MA,17/8/92,27.7,M,1,Married,US Citizen,No,White,7/11/2011,,8.50,1,N/A - still employed,Active,Production,David Stanley,14,Professional Society,Fully Meets,2.67,3,0,1/8/2019,0
1402065340,0,2,5,5,3,0,26,1,20,Production Technician II,MA,5/9/81,38.7,F,0,Divorced,Eligible NonCitizen,No,White,26/9/2011,22/10/11,0.07,0,return to school,Voluntarily Terminated,Production,David Stanley,14,Search Engine - Google Bing Yahoo,Fully Meets,2.19,4,0,,
1205033180,0,0,1,5,3,0,22,0,20,Production Technician II,MA,20/4/85,35.1,F,0,Single,US Citizen,No,White,29/9/2014,,5.61,1,N/A - still employed,Active,Production,David Stanley,14,Newspager/Magazine,Fully Meets,3.4,4,0,2/21/2019,0
1008021030,0,0,5,5,3,0,26,1,20,Production Technician II,MA,16/1/67,53.3,F,0,Single,US Citizen,No,White,10/1/2011,4/4/14,3.23,0,career change,Voluntarily Terminated,Production,Elijiah Gray,16,Search Engine - Google Bing Yahoo,Fully Meets,1.38,5,0,,
1108028428,1,1,1,5,3,0,27,0,20,Production Technician II,MA,22/9/78,41.7,F,0,Married,US Citizen,No,Black or African American,7/7/2014,,5.84,1,N/A - still employed,Active,Production,Elijiah Gray,16,Professional Society,Fully Meets,1.49,5,0,2/22/2019,0
1106026433,0,0,2,5,3,0,25,0,20,Production Technician II,MA,11/3/84,36.2,F,0,Single,US Citizen,No,White,6/6/2016,,3.92,1,N/A - Has not started yet,Future Start,Production,Elijiah Gray,16,Vendor Referral,Fully Meets,2.92,5,0,1/18/2019,0
1001504432,0,0,1,5,4,0,26.1,0,20,Production Technician II,MA,28/3/82,38.1,F,0,Single,US Citizen,No,Black or African American,19/8/2013,,6.72,1,N/A - still employed,Active,Production,Elijiah Gray,16,Glassdoor,Exceeds,1.64,4,0,2/12/2019,0
1104025435,0,0,1,5,3,0,26.39,0,20,Production Technician II,MA,23/11/85,34.5,F,0,Single,US Citizen,No,White,10/11/2014,,5.49,1,N/A - still employed,Active,Production,Elijiah Gray,16,Glassdoor,Fully Meets,4.53,5,0,1/16/2019,0
1001970770,0,0,1,5,4,0,22,0,20,Production Technician II,MA,30/10/63,56.6,M,1,Single,US Citizen,No,White,29/9/2014,,5.61,1,N/A - still employed,Active,Production,Elijiah Gray,16,Pay Per Click - Google,Exceeds,2.41,3,0,1/28/2019,0
1406068345,1,1,5,5,3,0,28.75,1,20,Production Technician II,MA,24/5/53,67.0,F,0,Married,US Citizen,No,White,16/5/2011,8/7/12,1.15,0,Another position,Voluntarily Terminated,Production,Elijiah Gray,16,Search Engine - Google Bing Yahoo,Fully Meets,3.93,3,0,,
1303054329,1,1,2,5,4,0,27,0,20,Production Technician II,MA,17/4/66,54.1,F,0,Married,US Citizen,No,White,21/7/2016,,3.80,1,N/A - Has not started yet,Future Start,Production,Kelley Spirea,18,Employee Referral,Exceeds,2.7,3,0,1/14/2019,0
1104025179,0,3,5,5,3,0,29,1,20,Production Technician II,MA,25/2/51,69.2,F,0,Separated,US Citizen,No,Black or African American,4/4/2011,4/11/15,4.59,0,more money,Voluntarily Terminated,Production,Kelley Spirea,18,Search Engine - Google Bing Yahoo,Fully Meets,4.62,5,0,,
1307059937,0,0,1,5,3,0,24,0,20,Production Technician II,MA,10/8/88,31.8,M,1,Single,US Citizen,Yes,White,11/11/2013,,6.49,1,N/A - still employed,Active,Production,Kelley Spirea,18,Newspager/Magazine,Fully Meets,5,3,0,1/8/2019,0
1011022932,0,0,5,5,3,0,24,1,20,Production Technician II,MA,27/8/72,47.7,F,0,Single,US Citizen,No,White,10/1/2011,18/2/13,2.11,0,hours,Voluntarily Terminated,Production,Kelley Spirea,18,Monster.com,Fully Meets,5,3,0,,
1405067565,1,1,3,5,3,0,22,0,20,Production Technician II,MA,19/3/79,41.2,M,1,Married,US Citizen,No,White,8/7/2013,,6.84,1,N/A - still employed,Leave of Absence,Production,Kelley Spirea,18,Information Session,Fully Meets,4,3,0,2/18/2019,0
1408069503,0,0,3,5,3,1,26,0,20,Production Technician II,MA,3/12/76,43.5,M,1,Single,US Citizen,No,Hispanic,9/1/2012,,8.33,1,N/A - still employed,Leave of Absence,Production,Kelley Spirea,18,Diversity Job Fair,Fully Meets,2.5,4,0,1/31/2019,0
1106026462,1,1,1,5,3,0,29,0,20,Production Technician II,MA,26/4/86,34.1,M,1,Married,US Citizen,No,White,30/8/2010,,9.69,1,N/A - still employed,Active,Production,Kelley Spirea,18,Monster.com,Fully Meets,2.08,3,0,1/10/2019,0
1301052449,1,1,1,5,3,0,26,0,20,Production Technician II,MA,19/8/77,42.7,M,1,Married,US Citizen,No,White,4/4/2011,,9.10,1,N/A - still employed,Active,Production,Ketsia Liebig,19,Careerbuilder,Fully Meets,3.25,5,0,1/14/2019,0
1012023204,1,1,5,5,3,0,24,1,20,Production Technician II,MA,8/11/83,36.5,F,0,Married,US Citizen,No,White,4/4/2011,9/1/12,0.77,0,career change,Voluntarily Terminated,Production,Ketsia Liebig,19,Word of Mouth,Fully Meets,3.66,3,0,,
1008020942,0,2,1,5,4,0,22.5,0,20,Production Technician II,MA,6/11/86,33.5,F,0,Divorced,US Citizen,No,American Indian or Alaska Native,5/7/2011,,8.85,1,N/A - still employed,Active,Production,Ketsia Liebig,19,MBTA ads,Exceeds,4.6,4,0,2/25/2019,0
1406067957,0,0,1,5,3,0,26,0,20,Production Technician II,MA,21/5/87,33.0,F,0,Single,US Citizen,No,White,30/3/2015,,5.11,1,N/A - still employed,Active,Production,Ketsia Liebig,19,Newspager/Magazine,Fully Meets,5,5,0,2/7/2019,0
1411071406,1,1,5,5,4,0,29,1,20,Production Technician II,MA,17/8/86,33.7,F,0,Married,US Citizen,No,White,16/5/2011,4/2/12,0.72,0,more money,Voluntarily Terminated,Production,Ketsia Liebig,19,Pay Per Click - Google,Exceeds,1.79,5,0,,
1011022818,0,0,1,5,3,0,22,0,20,Production Technician II,MA,10/2/76,44.3,M,1,Single,US Citizen,No,Black or African American,18/8/2014,,5.72,1,N/A - still employed,Active,Production,Ketsia Liebig,19,Employee Referral,Fully Meets,3.11,5,0,2/12/2019,0
1005019209,1,1,5,5,3,0,29,1,20,Production Technician II,MA,19/9/88,31.7,F,0,Married,US Citizen,No,White,5/7/2011,24/9/12,1.22,0,hours,Voluntarily Terminated,Production,Kissy Sullivan,20,Newspager/Magazine,Fully Meets,3.02,3,0,,
1201031274,0,0,1,5,3,0,25,0,20,Production Technician II,MA,14/9/79,40.7,M,1,Single,Eligible NonCitizen,No,Two or more races,7/11/2011,,8.50,1,N/A - still employed,Active,Production,Kissy Sullivan,20,Newspager/Magazine,Fully Meets,3.96,4,0,2/27/2019,0
1108028351,0,3,3,5,3,0,27,0,20,Production Technician II,MA,8/12/83,36.4,F,0,Separated,US Citizen,No,American Indian or Alaska Native,30/9/2013,,6.61,1,N/A - still employed,Leave of Absence,Production,Kissy Sullivan,20,Word of Mouth,Fully Meets,2.57,5,0,2/21/2019,0
1104025486,1,1,5,5,3,0,28,1,20,Production Technician II,MA,9/5/84,36.0,M,1,Married,US Citizen,No,White,2/4/2012,15/4/13,1.04,0,more money,Voluntarily Terminated,Production,Kissy Sullivan,20,Word of Mouth,Fully Meets,1.84,3,0,,
1001103149,0,0,1,5,4,0,25,0,20,Production Technician II,MA,24/4/70,50.1,F,0,Single,US Citizen,No,Black or African American,13/5/2013,,6.99,1,N/A - still employed,Active,Production,Kissy Sullivan,20,Billboard,Exceeds,2.55,3,0,1/14/2019,0
1499902991,1,1,5,5,3,0,22,1,20,Production Technician II,MA,3/7/72,47.9,M,1,Married,US Citizen,No,White,5/7/2011,8/2/12,0.60,0,Another position,Voluntarily Terminated,Production,Kissy Sullivan,20,Glassdoor,Fully Meets,2.48,5,0,,
1012023010,0,0,1,5,3,0,24.25,0,20,Production Technician II,MA,11/5/85,35.0,M,1,Single,US Citizen,No,White,7/7/2014,,5.84,1,N/A - still employed,Active,Production,Kissy Sullivan,20,Vendor Referral,Fully Meets,4.07,4,0,2/28/2019,0
1403066125,0,0,1,5,2,0,27,0,20,Production Technician II,MA,21/9/90,29.6,F,0,Single,US Citizen,No,White,4/4/2011,,9.10,1,N/A - still employed,Active,Production,Michael Albert,22,Monster.com,Needs Improvement,1.16,3,0,2/27/2019,0
1105025661,0,3,1,5,1,0,24,0,20,Production Technician II,MA,25/8/89,30.7,F,0,Separated,US Citizen,No,White,7/7/2014,,5.84,1,N/A - still employed,Active,Production,Michael Albert,22,Pay Per Click - Google,PIP,4.59,1,0,2/25/2019,0
1207046956,1,1,5,5,3,0,28,1,20,Production Technician II,MA,16/2/84,36.2,F,0,Married,Non-Citizen,No,White,15/8/2011,7/4/12,0.65,0,relocation out of area,Voluntarily Terminated,Production,Michael Albert,30,Glassdoor,Fully Meets,3.03,5,0,,
1305056276,0,4,5,5,3,0,24,1,20,Production Technician II,MA,26/12/76,43.4,F,0,Widowed,US Citizen,No,White,8/7/2013,15/9/13,0.19,0,more money,Voluntarily Terminated,Production,Michael Albert,22,On-campus Recruiting,Fully Meets,4.65,4,0,,
1301052436,0,3,1,5,3,0,29,0,20,Production Technician II,MA,1/12/74,45.5,M,1,Separated,US Citizen,No,Black or African American,13/5/2013,,6.99,1,N/A - still employed,Active,Production,Michael Albert,22,On-campus Recruiting,Fully Meets,4.29,5,0,1/28/2019,0
1012023103,0,0,5,5,3,0,23,1,20,Production Technician II,MA,25/11/87,32.5,F,0,Single,US Citizen,No,White,26/10/2009,8/4/15,5.45,0,maternity leave - did not return,Voluntarily Terminated,Production,Michael Albert,22,Monster.com,Fully Meets,4.68,4,0,,
1101023457,0,0,1,5,3,0,22,0,20,Production Technician II,MA,28/7/83,36.8,M,1,Single,US Citizen,No,White,29/9/2014,,5.61,1,N/A - still employed,Active,Production,Webster Butler,,Word of Mouth,Fully Meets,3.19,3,0,2/1/2019,0
1402065085,0,0,1,5,3,0,24,0,20,Production Technician II,MA,27/9/87,32.6,F,0,Single,US Citizen,No,Black or African American,17/2/2014,,6.22,1,N/A - still employed,Active,Production,Webster Butler,,Newspager/Magazine,Fully Meets,4,4,0,1/7/2019,0
1103024924,0,3,2,5,3,0,28,0,20,Production Technician II,MA,7/5/92,28.0,F,0,Separated,US Citizen,No,White,5/6/2015,,4.93,1,N/A - Has not started yet,Future Start,Production,Webster Butler,,Other,Fully Meets,2.63,3,0,2/14/2019,0
1110029623,1,1,2,5,3,0,23,0,20,Production Technician II,MA,25/8/76,43.7,F,0,Married,US Citizen,No,White,11/5/2016,,3.99,1,N/A - Has not started yet,Future Start,Production,Webster Butler,,Vendor Referral,Fully Meets,5,3,0,1/21/2019,0
1001856521,1,1,5,5,3,0,25,1,20,Production Technician II,MA,11/2/52,68.3,F,0,Married,US Citizen,No,Asian,14/5/2012,19/8/13,1.27,0,unhappy,Voluntarily Terminated,Production,Webster Butler,39,Newspager/Magazine,Fully Meets,5,3,0,,
1011022777,0,4,5,5,3,0,23,1,20,Production Technician II,MA,16/9/75,44.7,M,1,Widowed,US Citizen,No,White,25/6/2007,30/8/10,3.18,0,military,Voluntarily Terminated,Production,Webster Butler,39,Pay Per Click - Google,Fully Meets,1.37,4,0,,
1402065303,0,0,1,6,3,0,54,0,21,Sales Manager,VT,19/4/90,30.1,F,0,Single,US Citizen,No,White,5/5/2014,,6.01,1,N/A - still employed,Active,Sales,Debra Houlihan,15,Pay Per Click - Google,Fully Meets,4.62,4,0,1/24/2019,0
1109029264,0,0,5,6,3,0,60.25,1,21,Sales Manager,PA,11/11/89,30.5,F,0,Single,US Citizen,No,White,7/11/2011,24/4/14,2.46,0,maternity leave - did not return,Voluntarily Terminated,Sales,Debra Houlihan,15,Social Networks - Facebook Twitter etc,Fully Meets,1.9,5,0,,
1499902910,0,2,1,6,2,1,56,0,21,Sales Manager,MA,16/8/84,35.7,M,1,Divorced,US Citizen,No,Black or African American,18/5/2014,,5.98,1,N/A - still employed,Active,Sales,Debra Houlihan,15,Diversity Job Fair,Needs Improvement,1.62,4,0,1/16/2019,0
1009919930,0,0,1,3,3,0,50.25,0,22,Senior BI Developer,MA,14/6/87,32.9,F,0,Single,US Citizen,No,Asian,2/10/2016,,3.60,1,N/A - still employed,Active,IT/IS,Brian Champaigne,13,Indeed,Fully Meets,2.09,5,7,1/8/2019,0
1009919960,0,0,1,3,3,0,52.25,0,22,Senior BI Developer,MA,25/4/70,50.1,M,1,Single,US Citizen,No,Asian,10/2/2017,,3.24,1,N/A - still employed,Active,IT/IS,Brian Champaigne,13,Indeed,Fully Meets,5,3,6,2/25/2019,0
1009919970,0,0,1,3,3,0,51,0,22,Senior BI Developer,MA,8/7/81,38.9,M,1,Single,US Citizen,No,Asian,15/2/2017,,3.22,1,N/A - still employed,Active,IT/IS,Brian Champaigne,13,Indeed,Fully Meets,3.42,4,7,1/4/2019,0
1102024115,1,1,1,1,3,0,55,0,23,Shared Services Manager,MA,10/6/84,35.9,M,1,Married,US Citizen,No,White,5/1/2016,,4.34,1,N/A - still employed,Active,Admin Offices,Janet King,2,Monster.com,Fully Meets,1.95,4,0,1/28/2019,0
1206043417,1,1,5,1,3,1,55,1,23,Shared Services Manager,MA,6/11/84,35.5,M,1,Married,Eligible NonCitizen,No,Black or African American,21/2/2011,15/8/15,4.48,0,career change,Voluntarily Terminated,Admin Offices,Janet King,2,Diversity Job Fair,Fully Meets,4.15,4,0,,
1107027358,0,0,1,4,3,0,47.6,0,24,Software Engineer,MA,24/5/79,41.0,F,0,Single,US Citizen,No,White,10/11/2014,,5.49,1,N/A - still employed,Active,Software Engineering,Alex Sweetwater,10,Vendor Referral,Fully Meets,3.04,3,4,1/2/2019,0
1101023577,0,0,1,4,3,0,56,0,24,Software Engineer,MA,5/4/87,33.1,F,0,Single,US Citizen,No,White,11/11/2013,,6.49,1,N/A - still employed,Active,Software Engineering,Alex Sweetwater,10,Pay Per Click - Google,Fully Meets,4.96,4,6,1/30/2019,0
1203032498,0,0,1,4,3,0,57.12,0,24,Software Engineer,MA,5/7/79,40.9,F,0,Single,US Citizen,No,Black or African American,9/1/2012,,8.33,1,N/A - still employed,Active,Software Engineering,Alex Sweetwater,10,Monster.com,Fully Meets,3.79,5,5,1/25/2019,0
1401064670,1,1,4,4,2,0,48.5,1,24,Software Engineer,MA,15/5/87,33.0,F,0,Married,US Citizen,No,Black or African American,2/5/2011,5/6/13,2.10,0,attendance,Terminated for Cause,Software Engineering,Alex Sweetwater,10,Billboard,Needs Improvement,2.55,5,4,,
1303054625,0,0,1,4,3,0,55.51,0,24,Software Engineer,MA,7/11/87,32.5,F,0,Single,US Citizen,No,Asian,11/11/2013,,6.49,1,N/A - still employed,Active,Software Engineering,Alex Sweetwater,10,Search Engine - Google Bing Yahoo,Fully Meets,1.53,5,4,1/14/2019,0
1112030979,0,0,5,4,4,1,52.25,1,24,Software Engineer,MA,20/2/79,41.2,M,1,Single,US Citizen,No,Asian,7/11/2011,7/9/15,3.84,0,Another position,Voluntarily Terminated,Software Engineering,Alex Sweetwater,10,Diversity Job Fair,Exceeds,1.1,5,3,,
1012023185,1,1,1,4,3,0,49.25,0,24,Software Engineer,MA,24/7/86,33.8,F,0,Married,US Citizen,No,White,5/11/2012,,7.51,1,N/A - still employed,Active,Software Engineering,Alex Sweetwater,10,Pay Per Click - Google,Fully Meets,1.74,3,6,2/13/2019,0
1201031324,0,0,1,4,4,0,48,0,24,Software Engineer,MA,6/5/83,37.0,M,1,Single,US Citizen,No,White,7/7/2014,,5.84,1,N/A - still employed,Active,Software Engineering,Alex Sweetwater,10,MBTA ads,Exceeds,2.61,5,5,2/18/2019,0
1102024057,0,0,5,4,3,1,45.42,1,24,Software Engineer,MA,14/6/83,36.9,M,1,Single,Non-Citizen,No,Black or African American,18/2/2013,15/4/14,1.15,0,medical issues,Voluntarily Terminated,Software Engineering,Alex Sweetwater,10,Diversity Job Fair,Fully Meets,1.11,3,4,,
1001644719,0,0,1,4,3,0,27,0,25,Software Engineering Manager,MA,22/11/66,53.5,M,1,Single,US Citizen,No,White,15/8/2011,,8.73,1,N/A - still employed,Active,Software Engineering,Jennifer Zamora,5,Search Engine - Google Bing Yahoo,Fully Meets,3.84,3,5,1/21/2019,0
1201031308,1,1,1,1,3,0,34.95,0,26,Sr. Accountant,MA,16/4/79,41.1,F,0,Married,US Citizen,no,White,5/1/2009,,11.34,1,N/A - still employed,Active,Admin Offices,Board of Directors,9,Other,Fully Meets,5,3,2,2/8/2019,0
1307060188,1,1,1,1,3,1,34.95,0,26,Sr. Accountant,MA,4/4/87,33.1,F,0,Married,US Citizen,No,Asian,16/2/2015,,5.22,1,N/A - still employed,Active,Admin Offices,Brandon R. LeBlanc,3,Diversity Job Fair,Fully Meets,5,4,3,2/18/2019,0
1307060199,1,1,5,3,3,0,62,1,27,Sr. DBA,MA,5/5/75,45.0,M,1,Married,US Citizen,No,White,30/3/2015,16/6/16,1.22,0,career change,Voluntarily Terminated,IT/IS,Simon Roup,4,Company Intranet - Partner,Fully Meets,4.96,3,6,,
1010022337,0,0,2,3,3,0,61.3,0,27,Sr. DBA,MA,6/6/86,33.9,F,0,Single,US Citizen,No,Black or African American,30/6/2016,,3.85,1,N/A - Has not started yet,Future Start,IT/IS,Simon Roup,4,Vendor Referral,Fully Meets,5,5,6,2/18/2019,0
1412071562,0,0,4,3,3,0,58.2,1,30,Enterprise Architect,CT,30/7/64,55.8,M,1,Single,US Citizen,No,Black or African American,17/2/2014,19/2/16,2.01,0,hours,Terminated for Cause,IT/IS,Simon Roup,4,Vendor Referral,Fully Meets,2.94,5,7,,
1111030266,0,0,5,3,3,0,58.5,1,29,Principal Data Architect,MA,27/5/73,47.0,F,0,Single,US Citizen,Yes,White,5/1/2015,10/11/15,0.85,0,Another position,Voluntarily Terminated,IT/IS,Simon Roup,4,Vendor Referral,Fully Meets,3.88,3,7,,
1411071312,1,1,3,3,3,0,54.1,0,28,Sr. Network Engineer,CT,18/1/52,68.3,F,0,Married,US Citizen,No,White,10/11/2014,,5.49,1,N/A - still employed,Leave of Absence,IT/IS,Peter Monroe,7,Vendor Referral,Fully Meets,1.55,5,8,2/12/2019,0
1108028108,1,1,3,3,3,0,56.2,0,28,Sr. Network Engineer,MA,23/4/86,34.1,M,1,Married,US Citizen,No,White,10/11/2014,,5.49,1,N/A - still employed,Leave of Absence,IT/IS,Peter Monroe,7,Employee Referral,Fully Meets,4.46,5,6,1/7/2019,0
904013591,1,1,2,3,3,0,53.8,0,28,Sr. Network Engineer,MA,9/2/83,37.3,M,1,Married,US Citizen,No,Asian,30/6/2016,,3.85,1,N/A - Has not started yet,Future Start,IT/IS,Peter Monroe,7,On-campus Recruiting,Fully Meets,3.27,4,5,1/14/2019,0
1308060959,0,0,1,3,3,0,53,0,28,Sr. Network Engineer,CT,9/9/65,54.7,M,1,Single,US Citizen,No,White,10/11/2014,,5.49,1,N/A - still employed,Active,IT/IS,Peter Monroe,7,Employee Referral,Fully Meets,5,3,4,1/2/2019,0
1301052347,0,4,1,3,3,0,55.2,0,28,Sr. Network Engineer,MA,2/5/78,42.0,F,0,Widowed,US Citizen,No,Asian,30/3/2015,,5.11,1,N/A - still employed,Active,IT/IS,Peter Monroe,7,Employee Referral,Fully Meets,1.06,4,8,2/5/2019,0